grid_size,time_s
128,0.49574963251749676
256,0.5084813435872396
512,0.5683911641438802
1024,0.8555199305216471
2048,4.937055826187134
